{
    "Cx": 318.9073003872617, 
    "Cy": 257.0259337719841, 
    "Fx": 259.1457032085012, 
    "Fy": 258.78061170665137, 
    "Kw": 0.93341052129622, 
    "Rot0": -0.0057038940000000002, 
    "Rot1": 0.99998030000000004, 
    "Rot2": 0.0026016099999999999, 
    "Rot3": -0.99987510000000002, 
    "Rot4": -0.0056649059999999999, 
    "Rot5": -0.014755040000000001, 
    "Rot6": -0.01474002, 
    "Rot7": -0.0026854460000000002, 
    "Rot8": 0.99988779999999999, 
    "Tc0": -0.0023287856316399165, 
    "Tc1": 0.006836892752119452, 
    "Tc2": -1.5968026929259157e-05, 
    "TcVar0": 9.999999974752427e-07, 
    "TcVar1": 9.999999974752427e-07, 
    "TcVar2": 9.999999974752427e-07, 
    "Wc0": -0.009514240661514324, 
    "Wc1": -0.013670082036276386, 
    "Wc2": 1.5764489037855371, 
    "WcVar0": 9.999999974752427e-07, 
    "WcVar1": 9.999999974752427e-07, 
    "WcVar2": 9.999999974752427e-07, 
    "aMeasVar": 0.0049984899999999995, 
    "abias0": -0.07976038392794817, 
    "abias1": 0.2781765536968637, 
    "abias2": -0.19814764983693414, 
    "abiasvar0": 0.02, 
    "abiasvar1": 0.02, 
    "abiasvar2": 0.02, 
    "accelerometerTransform": [
        1.0151406710518258, 
        0.0, 
        0.0, 
        0.0, 
        1.0209731651974479, 
        0.0, 
        0.0, 
        0.0, 
        1.0225655779746374
    ], 
    "calibrationVersion": 8, 
    "depth": {
        "Cx": 159.5, 
        "Cy": 118.0183, 
        "Fx": 303.73500000000001, 
        "Fy": 303.73500000000001, 
        "Rot0": -0.00267973, 
        "Rot1": 0.99971620000000005, 
        "Rot2": 0.02367184, 
        "Rot3": -0.99975519999999996, 
        "Rot4": -0.0021584030000000001, 
        "Rot5": -0.022021240000000001, 
        "Rot6": -0.02196389, 
        "Rot7": -0.023725050000000001, 
        "Rot8": 0.99947719999999995, 
        "Tc0": -0.0011601000000000001, 
        "Tc1": 0.037639220000000001, 
        "Tc2": 0.0031812989999999998, 
        "TcVar0": 9.999999974752427e-07, 
        "TcVar1": 9.999999974752427e-07, 
        "TcVar2": 1.000000013351432e-10, 
        "Wc0": -0.0013404625559271263, 
        "Wc1": 0.035903510443704059, 
        "Wc2": -1.5730665408193651, 
        "WcVar0": 9.999999974752427e-07, 
        "WcVar1": 9.999999974752427e-07, 
        "WcVar2": 9.999999974752427e-07, 
        "distortionModel": 0, 
        "imageHeight": 240, 
        "imageWidth": 320
    }, 
    "device": "Alloy", 
    "distortionModel": 1, 
    "gyroscopeTransform": [
        1.0111516519140986, 
        0.0, 
        0.0, 
        0.0, 
        1.0145998060557044, 
        0.0, 
        0.0, 
        0.0, 
        1.0034449661731162
    ], 
    "imageHeight": 480, 
    "imageWidth": 640, 
    "wMeasVar": 0.00019993959999999999, 
    "wbias0": 0.0019136864690376028, 
    "wbias1": -0.0038942103351219787, 
    "wbias2": 0.0002699936562615862, 
    "wbiasvar0": 1.136220313356222e-06, 
    "wbiasvar1": 1.136220313356222e-06, 
    "wbiasvar2": 1.136220313356222e-06
}
